INSTNM,Class
Alabama A & M University,0
University of Alabama at Birmingham,0
Amridge University,0
University of Alabama in Huntsville,0
Alabama State University,0
The University of Alabama,0
Athens State University,0
Auburn University at Montgomery,0
Auburn University,0
Birmingham Southern College,0
Concordia College Alabama,0
Faulkner University,0
Huntingdon College,0
Heritage Christian University,0
Jacksonville State University,0
Judson College,0
University of West Alabama,0
Miles College,0
University of Mobile,0
University of Montevallo,0
University of North Alabama,0
Oakwood University,0
Samford University,0
Selma University,0
University of South Alabama,0
Spring Hill College,0
Southeastern Bible College,0
Stillman College,0
Talladega College,0
Troy University,0
Tuskegee University,0
United States Sports Academy,0
University of Alaska Anchorage,0
University of Alaska Fairbanks,0
University of Alaska Southeast,0
Alaska Pacific University,0
Collins College,0
American Indian College of the Assemblies of God Inc,0
Arizona State University-Tempe,0
University of Arizona,0
Southwest University of Visual Arts-Tucson,0
Embry-Riddle Aeronautical University-Prescott,0
Frank Lloyd Wright School of Architecture,0
Grand Canyon University,0
Northern Arizona University,0
Ottawa University-Phoenix,0
University of Phoenix-Phoenix Campus,0
Prescott College,0
Arizona Christian University,0
Western International University,0
University of Arkansas at Little Rock,0
University of Arkansas for Medical Sciences,0
Arkansas Baptist College,0
Lyon College,0
University of Arkansas,0
University of Arkansas at Pine Bluff,0
Arkansas State University-Main Campus,0
Arkansas Tech University,0
University of Central Arkansas,0
Central Baptist College,0
Harding University,0
Henderson State University,0
Hendrix College,0
John Brown University,0
Ouachita Baptist University,0
University of the Ozarks,0
Philander Smith College,0
Williams Baptist College,0
Southern Arkansas University Main Campus,0
University of Arkansas-Fort Smith,0
Academy of Art University,0
Art Center College of Design,0
Azusa Pacific University,0
Bethesda University of California,0
Biola University,0
Brooks Institute,0
California Institute of Integral Studies,0
California Baptist University,0
California College of the Arts,0
California Institute of Technology,0
California Lutheran University,0
California Polytechnic State University-San Luis Obispo,0
Alliant International University,0
California State University-Bakersfield,0
California State University-Stanislaus,0
California State University-San Bernardino,0
California State Polytechnic University-Pomona,0
California State University-Chico,0
California State University-Dominguez Hills,0
California State University-Fresno,0
California State University-Fullerton,0
California State University-East Bay,0
California State University-Long Beach,0
California State University-Los Angeles,0
California State University-Northridge,0
California State University-Sacramento,0
University of California-Berkeley,0
University of California-Davis,0
University of California-Irvine,0
University of California-Los Angeles,0
University of California-Riverside,0
University of California-San Diego,0
University of California-Santa Barbara,0
University of California-Santa Cruz,0
California Christian College,0
California Institute of the Arts,0
California Maritime Academy,0
Chapman University,0
Concordia University-Irvine,0
San Diego Christian College,0
Claremont McKenna College,0
Cogswell College,0
Columbia College-Hollywood,0
Design Institute of San Diego,0
Dominican University of California,0
Fresno Pacific University,0
Golden Gate University-San Francisco,0
Harvey Mudd College,0
Holy Names University,0
Humboldt State University,0
Humphreys College-Stockton and Modesto Campuses,0
John F Kennedy University,0
American Jewish University,0
Life Pacific College,0
The Art Institute of California-Argosy University San Diego,0
University of La Verne,0
Laguna College of Art and Design,0
Southern California Seminary,0
La Sierra University,0
Loma Linda University,0
The Master's College and Seminary,0
The Art Institute of California-Argosy University San Francisco,0
Loyola Marymount University,0
Menlo College,0
Mills College,0
Monterey Institute of International Studies,0
Mount St Mary's College,0
The National Hispanic University,0
National University,0
Newschool of Architecture and Design,0
Notre Dame de Namur University,0
Occidental College,0
Otis College of Art and Design,0
Hope International University,0
Palo Alto University,0
Pacific Oaks College,0
Pacific States University,0
Pacific Union College,0
University of the Pacific,0
Pepperdine University,0
Pitzer College,0
Point Loma Nazarene University,0
Pomona College,0
Westwood College-South Bay,0
University of Redlands,0
Argosy University-San Francisco Bay Area,0
Samuel Merritt University,0
San Diego State University,0
University of San Diego,0
San Francisco Art Institute,0
San Francisco Conservatory of Music,0
San Francisco State University,0
University of San Francisco,0
William Jessup University,0
San Jose State University,0
Westwood College-Los Angeles,0
Santa Clara University,0
Scripps College,0
Shasta Bible College and Graduate School,0
Simpson University,0
Saint Mary's College of California,0
Sonoma State University,0
South Baylo University,0
Vanguard University of Southern California,0
Southern California Institute of Architecture,0
University of Southern California,0
Thomas Aquinas College,0
Walden University,0
Westmont College,0
Whittier College,0
Woodbury University,0
Yeshiva Ohr Elchonon Chabad West Coast Talmudical Seminary,0
Adams State University,0
University of Colorado Denver,0
University of Colorado Colorado Springs,0
University of Colorado Boulder,0
Colorado Christian University,0
Colorado College,0
The Art Institute of Colorado,0
Colorado School of Mines,0
Colorado State University-Fort Collins,0
Colorado Technical University-Colorado Springs,0
Westwood College-Denver North,0
University of Denver,0
Fort Lewis College,0
Colorado Mesa University,0
Metropolitan State University of Denver,0
Naropa University,0
National American University-Colorado Springs,0
Nazarene Bible College,0
University of Northern Colorado,0
Regis University,0
Rocky Mountain College of Art and Design,0
Colorado State University-Pueblo,0
Western State Colorado University,0
Albertus Magnus College,0
University of Bridgeport,0
Central Connecticut State University,0
Charter Oak State College,0
Connecticut College,0
University of Connecticut,0
Eastern Connecticut State University,0
Fairfield University,0
University of Hartford,0
Holy Apostles College and Seminary,0
Lyme Academy College of Fine Arts,0
Mitchell College,0
University of New Haven,0
Paier College of Art Inc,0
Post University,0
Quinnipiac University,0
Sacred Heart University,0
University of Saint Joseph,0
Southern Connecticut State University,0
Trinity College,0
Wesleyan University,0
Western Connecticut State University,0
Yale University,0
Delaware State University,0
University of Delaware,0
Goldey-Beacom College,0
Wesley College,0
Wilmington University,0
American University,0
Catholic University of America,0
Corcoran College of Art and Design,0
University of the District of Columbia,0
Gallaudet University,0
George Washington University,0
Georgetown University,0
Howard University,0
Strayer University-District of Columbia,0
Trinity Washington University,0
The Baptist College of Florida,0
Barry University,0
Bethune-Cookman University,0
Lynn University,0
Carlos Albizu University-Miami,0
Johnson University Florida,0
University of Central Florida,0
Clearwater Christian College,0
South University-West Palm Beach,0
Eckerd College,0
Edward Waters College,0
Embry-Riddle Aeronautical University-Daytona Beach,0
Florida Agricultural and Mechanical University,0
Florida Atlantic University,0
Flagler College-St Augustine,0
Adventist University of Health Sciences,0
Florida Institute of Technology,0
Florida International University,0
Florida Memorial University,0
Florida Southern College,0
Florida State University,0
University of Florida,0
Full Sail University,0
Hobe Sound Bible College,0
International Academy of Design and Technology-Tampa,0
AI Miami International University of Art and Design,0
Jacksonville University,0
Luther Rice University & Seminary,0
Trinity International University-Florida,0
University of Miami,0
University of North Florida,0
Northwood University-Florida,0
Nova Southeastern University,0
Palm Beach Atlantic University,0
Ringling College of Art and Design,0
Rollins College,0
Saint Leo University,0
Argosy University-Sarasota,0
Saint John Vianney College Seminary,0
University of South Florida-Main Campus,0
St Thomas University,0
Stetson University,0
Southeastern University,0
Talmudic College of Florida,0
The University of Tampa,0
Trinity Baptist College,0
Trinity College of Florida,0
Warner University,0
Webber International University,0
The University of West Florida,0
Agnes Scott College,0
Albany State University,0
Armstrong Atlantic State University,0
The Art Institute of Atlanta,0
Point University,0
Clark Atlanta University,0
Berry College,0
Beulah Heights University,0
Brenau University,0
Brewton-Parker College,0
Carver Bible College,0
Clayton State University,0
Columbus State University,0
Covenant College,0
Emmanuel College_1,0
Emory University,0
Fort Valley State University,0
Georgia Institute of Technology-Main Campus,0
Georgia Southwestern State University,0
Georgia College and State University,0
Georgia Southern University,0
Georgia State University,0
University of Georgia,0
Kennesaw State University,0
LaGrange College,0
Life University,0
Herzing University-Atlanta,0
Mercer University,0
Morehouse College,0
Oglethorpe University,0
Paine College,0
Piedmont College,0
Reinhardt University,0
Savannah College of Art and Design,0
Savannah State University,0
Shorter University,0
Spelman College,0
Southern Polytechnic State University,0
Thomas University,0
Toccoa Falls College,0
Truett-McConnell College,0
Valdosta State University,0
Wesleyan College,0
University of West Georgia,0
Young Harris College,0
Chaminade University of Honolulu,0
University of Hawaii at Hilo,0
University of Hawaii at Manoa,0
Hawaii Pacific University,0
University of Hawaii-West Oahu,0
Boise Bible College,0
Boise State University,0
Idaho State University,0
University of Idaho,0
The College of Idaho,0
Lewis-Clark State College,0
Northwest Nazarene University,0
Brigham Young University-Idaho,0
American Academy of Art,0
School of the Art Institute of Chicago,0
Augustana College_1,0
Aurora University,0
Blackburn College,0
Blessing Rieman College of Nursing,0
Bradley University,0
Chicago State University,0
University of Chicago,0
Columbia College-Chicago,0
Concordia University-Chicago,0
DePaul University,0
East-West University,0
Eastern Illinois University,0
Elmhurst College,0
Eureka College,0
Governors State University,0
Greenville College,0
Harrington College of Design,0
Hebrew Theological College,0
Rosalind Franklin University of Medicine and Science,0
University of Illinois at Chicago,0
Benedictine University,0
University of Illinois at Urbana-Champaign,0
Illinois Wesleyan University,0
Illinois College,0
Illinois Institute of Technology,0
Argosy University-Chicago,0
Illinois State University,0
International Academy of Design and Technology-Chicago,0
Judson University,0
Kendall College,0
Knox College,0
Lake Forest College,0
Lakeview College of Nursing,0
Lewis University,0
Lexington College,0
Lincoln Christian University,0
Loyola University Chicago,0
MacMurray College,0
McKendree University,0
Methodist College,0
Millikin University,0
Monmouth College,0
Moody Bible Institute,0
National Louis University,0
National University of Health Sciences,0
North Central College,0
North Park University,0
Northern Illinois University,0
Northwestern University,0
Northeastern Illinois University,0
Olivet Nazarene University,0
Quincy University,0
The Illinois Institute of Art-Chicago,0
Robert Morris University Illinois,0
Rockford University,0
Roosevelt University,0
Dominican University,0
Rush University,0
Saint Francis Medical Center College of Nursing,0
University of St Francis,0
St John's College of Nursing,0
Saint Xavier University,0
University of Illinois at Springfield,0
Shimer College,0
Saint Anthony College of Nursing,0
Southern Illinois University-Carbondale,0
Southern Illinois University-Edwardsville,0
Telshe Yeshiva-Chicago,0
Trinity Christian College,0
Trinity International University-Illinois,0
VanderCook College of Music,0
Resurrection University,0
Western Illinois University,0
Wheaton College_1,0
Anderson University_1,0
Ball State University,0
Bethel College-Indiana,0
Butler University,0
Calumet College of Saint Joseph,0
DePauw University,0
Earlham College,0
University of Evansville,0
Franklin College,0
Goshen College,0
Grace College and Theological Seminary,0
Hanover College,0
Holy Cross College,0
Huntington University,0
Indiana University-Purdue University-Fort Wayne,0
Indiana University-Purdue University-Indianapolis,0
University of Indianapolis,0
Indiana Institute of Technology,0
University of Southern Indiana,0
Indiana State University,0
Indiana University-Kokomo,0
Indiana University-South Bend,0
Indiana University-Bloomington,0
Indiana University-Northwest,0
Indiana University-Southeast,0
Indiana University-East,0
Manchester University,0
Marian University_1,0
Indiana Wesleyan University,0
Martin University,0
University of Notre Dame,0
Oakland City University,0
Purdue University-Calumet Campus,0
Purdue University-North Central Campus,0
Rose-Hulman Institute of Technology,0
University of Saint Francis-Fort Wayne,0
Saint Josephs College,0
Saint Mary-of-the-Woods College,0
Saint Mary's College,0
Taylor University,0
Trine University,0
Valparaiso University,0
Wabash College,0
Allen College,0
AIB College of Business,0
Briar Cliff University,0
Buena Vista University,0
Central College,0
Clarke University,0
Coe College,0
Cornell College,0
Divine Word College,0
Dordt College,0
Drake University,0
University of Dubuque,0
Faith Baptist Bible College and Theological Seminary,0
Graceland University-Lamoni,0
Grand View University,0
Grinnell College,0
Iowa State University,0
Iowa Wesleyan College,0
University of Iowa,0
Loras College,0
Luther College,0
Maharishi University of Management,0
Morningside College,0
Mount Mercy University,0
Ashford University,0
University of Northern Iowa,0
Northwestern College,0
Palmer College of Chiropractic-Davenport,0
Saint Ambrose University,0
Simpson College,0
Upper Iowa University,0
Waldorf College,0
Wartburg College,0
William Penn University,0
Baker University,0
Benedictine College,0
Bethany College_1,0
Bethel College-North Newton,0
Central Christian College of Kansas,0
Emporia State University,0
Fort Hays State University,0
Barclay College,0
Friends University,0
Haskell Indian Nations University,0
University of Kansas,0
Newman University,0
Kansas State University,0
Kansas Wesleyan University,0
Manhattan Christian College,0
McPherson College,0
MidAmerica Nazarene University,0
Ottawa University-Ottawa,0
Ottawa University-Kansas City,0
Pittsburg State University,0
University of Saint Mary,0
Southwestern College,0
Sterling College_1,0
Tabor College,0
Washburn University,0
Wichita State University,0
Alice Lloyd College,0
Asbury University,0
Bellarmine University,0
Berea College,0
Brescia University,0
Campbellsville University,0
Centre College,0
Clear Creek Baptist Bible College,0
University of the Cumberlands,0
Eastern Kentucky University,0
Georgetown College,0
Kentucky Mountain Bible College,0
Kentucky State University,0
Kentucky Wesleyan College,0
University of Kentucky,0
Kentucky Christian University,0
Lindsey Wilson College,0
University of Louisville,0
Mid-Continent University,0
Midway College,0
Morehead State University,0
Murray State University,0
Northern Kentucky University,0
University of Pikeville,0
Spalding University,0
Thomas More College,0
Transylvania University,0
Union College,0
Western Kentucky University,0
Centenary College of Louisiana,0
Dillard University,0
Grambling State University,0
Louisiana State University Health Sciences Center-New Orleans,0
Louisiana State University-Alexandria,0
Louisiana State University and Agricultural & Mechanical College,0
Louisiana State University-Shreveport,0
Louisiana College,0
Louisiana Tech University,0
Loyola University New Orleans,0
McNeese State University,0
University of New Orleans,0
Nicholls State University,0
University of Louisiana at Monroe,0
Northwestern State University of Louisiana,0
Our Lady of Holy Cross College,0
Saint Joseph Seminary College,0
Southeastern Louisiana University,0
Southern University and A & M College,0
Southern University at New Orleans,0
University of Louisiana at Lafayette,0
Tulane University of Louisiana,0
Xavier University of Louisiana,0
College of the Atlantic,0
Bates College,0
Bowdoin College,0
Colby College,0
Husson University,0
University of Maine at Augusta,0
University of Maine at Farmington,0
University of Maine at Fort Kent,0
University of Maine at Machias,0
University of Maine,0
Maine Maritime Academy,0
University of Maine at Presque Isle,0
University of New England,0
Maine College of Art,0
Saint Joseph's College of Maine,0
University of Southern Maine,0
Thomas College,0
Unity College,0
University of Baltimore,0
Bowie State University,0
Capitol College,0
Washington Adventist University,0
Coppin State University,0
Frostburg State University,0
Goucher College,0
Hood College,0
Johns Hopkins University,0
Loyola University Maryland,0
University of Maryland-University College,0
University of Maryland-Baltimore,0
University of Maryland-Baltimore County,0
University of Maryland-College Park,0
Maryland Institute College of Art,0
University of Maryland Eastern Shore,0
Morgan State University,0
Mount St Mary's University,0
Ner Israel Rabbinical College,0
Notre Dame of Maryland University,0
Salisbury University,0
St Mary's College of Maryland,0
Sojourner-Douglass College,0
St John's College_1,0
Towson University,0
Stevenson University,0
Washington College,0
McDaniel College,0
New England College of Business and Finance,0
American International College,0
Amherst College,0
Anna Maria College,0
Assumption College,0
Babson College,0
Boston Baptist College,0
Bay Path College,0
Becker College,0
Bentley University,0
Berklee College of Music,0
Boston Architectural College,0
Boston College,0
The Boston Conservatory,0
Boston University,0
Brandeis University,0
Bridgewater State University,0
Cambridge College,0
Clark University,0
Curry College,0
Eastern Nazarene College,0
Emerson College,0
Emmanuel College_2,0
Endicott College,0
Fitchburg State University,0
Framingham State University,0
Gordon College,0
Hampshire College,0
Harvard University,0
Hebrew College,0
Hellenic College-Holy Cross Greek Orthodox School of Theology,0
College of the Holy Cross,0
Lasell College,0
Lesley University,0
University of Massachusetts-Lowell,0
University of Massachusetts-Amherst,0
University of Massachusetts-Boston,0
MCPHS University,0
Massachusetts College of Art and Design,0
Massachusetts Institute of Technology,0
Massachusetts Maritime Academy,0
Merrimack College,0
MGH Institute of Health Professions,0
Montserrat College of Art,0
Mount Holyoke College,0
Mount Ida College,0
School of the Museum of Fine Arts-Boston,0
The New England Conservatory of Music,0
New England College of Optometry,0
Newbury College,0
Nichols College,0
Massachusetts College of Liberal Arts,0
The New England Institute of Art,0
Northeastern University,0
College of Our Lady of the Elms,0
Pine Manor College,0
Regis College,0
Saint John's Seminary,0
Salem State University,0
Simmons College,0
Smith College,0
Springfield College,0
University of Massachusetts-Dartmouth,0
Stonehill College,0
Suffolk University,0
Tufts University,0
Wellesley College,0
Wentworth Institute of Technology,0
Western New England University,0
Westfield State University,0
Wheaton College_2,0
Wheelock College,0
Williams College,0
Worcester Polytechnic Institute,0
Worcester State University,0
Adrian College,0
Albion College,0
Alma College,0
Andrews University,0
Aquinas College,0
Calvin College,0
Central Michigan University,0
Cleary University,0
Concordia University-Ann Arbor,0
College for Creative Studies,0
Davenport University,0
University of Detroit Mercy,0
Eastern Michigan University,0
Ferris State University,0
Kettering University,0
Grace Bible College,0
Cornerstone University,0
Grand Valley State University,0
Great Lakes Christian College,0
Hope College,0
Kalamazoo College,0
Lake Superior State University,0
Lawrence Technological University,0
Madonna University,0
Marygrove College,0
Rochester College,0
University of Michigan-Ann Arbor,0
Michigan State University,0
Michigan Technological University,0
University of Michigan-Dearborn,0
University of Michigan-Flint,0
Northern Michigan University,0
Northwood University-Michigan,0
Oakland University,0
Olivet College,0
Kuyper College,0
Sacred Heart Major Seminary,0
Saginaw Valley State University,0
Siena Heights University,0
Spring Arbor University,0
Finlandia University,0
Walsh College of Accountancy and Business Administration,0
Wayne State University,0
Western Michigan University,0
Augsburg College,0
Bemidji State University,0
Bethany Lutheran College,0
Bethel University_1,0
Carleton College,0
Concordia College at Moorhead,0
Concordia University-Saint Paul,0
Martin Luther College,0
Gustavus Adolphus College,0
Hamline University,0
The Art Institutes International-Minnesota,0
Macalester College,0
Minnesota State University-Mankato,0
Metropolitan State University,0
University of Minnesota-Twin Cities,0
University of Minnesota-Crookston,0
Minneapolis College of Art and Design,0
Crossroads College,0
University of Minnesota-Duluth,0
University of Minnesota-Morris,0
Minnesota School of Business-Richfield,0
Minnesota State University-Moorhead,0
Brown College-Mendota Heights,0
North Central University,0
University of Northwestern-St Paul,0
Northwestern Health Sciences University,0
Oak Hills Christian College,0
College of Saint Benedict,0
Saint Cloud State University,0
Saint Johns University,0
Saint Mary's University of Minnesota,0
St Olaf College,0
Crown College,0
The College of Saint Scholastica,0
University of St Thomas_1,0
St Catherine University,0
Southwest Minnesota State University,0
Winona State University,0
Alcorn State University,0
Belhaven University,0
Blue Mountain College,0
Delta State University,0
Jackson State University,0
Millsaps College,0
University of Mississippi,0
University of Mississippi Medical Center,0
Mississippi University for Women,0
Mississippi Valley State University,0
Mississippi College,0
Mississippi State University,0
Rust College,0
Southeastern Baptist College,0
University of Southern Mississippi,0
Tougaloo College,0
William Carey University,0
Avila University,0
Baptist Bible College,0
Calvary Bible College and Theological Seminary,0
Central Christian College of the Bible,0
Central Methodist University-College of Liberal Arts and Sciences,0
University of Central Missouri,0
Cleveland University-Kansas City,0
Columbia College_1,0
Conception Seminary College,0
Culver-Stockton College,0
Drury University,0
Evangel University,0
Fontbonne University,0
Hannibal-LaGrange University,0
Harris-Stowe State University,0
Barnes-Jewish College Goldfarb School of Nursing,0
Kansas City Art Institute,0
Kenrick Glennon Seminary,0
Lincoln University,0
Lindenwood University,0
Logan University,0
Maryville University of Saint Louis,0
Westwood College-O'Hare Airport,0
Missouri Baptist University,0
Missouri Southern State University,0
Missouri Valley College,0
Missouri Western State University,0
University of Missouri-Columbia,0
University of Missouri-Kansas City,0
Missouri University of Science and Technology,0
University of Missouri-St Louis,0
Truman State University,0
Northwest Missouri State University,0
Ozark Christian College,0
College of the Ozarks,0
Park University,0
Research College of Nursing,0
Rockhurst University,0
Saint Louis University,0
Saint Louis Christian College,0
Southwest Baptist University,0
Saint Luke's College of Health Sciences,0
Stephens College,0
Southeast Missouri State University,0
Missouri State University-Springfield,0
Washington University in St Louis,0
Webster University,0
Westminster College_1,0
William Jewell College,0
William Woods University,0
Carroll College,0
Montana State University-Billings,0
University of Great Falls,0
Montana Tech of the University of Montana,0
Montana State University,0
The University of Montana,0
Montana State University-Northern,0
Rocky Mountain College,0
The University of Montana-Western,0
Bellevue University,0
Clarkson College,0
Bryan College of Health Sciences,0
Chadron State College,0
Concordia University-Nebraska,0
Creighton University,0
Doane College-Crete,0
Grace University,0
Hastings College,0
University of Nebraska at Kearney,0
Nebraska Methodist College of Nursing & Allied Health,0
Midland University,0
Nebraska Christian College,0
University of Nebraska at Omaha,0
University of Nebraska Medical Center,0
Nebraska Wesleyan University,0
University of Nebraska-Lincoln,0
Peru State College,0
College of Saint Mary,0
Wayne State College,0
York College,0
The Art Institute of Las Vegas,0
University of Nevada-Las Vegas,0
University of Nevada-Reno,0
Sierra Nevada College,0
Colby-Sawyer College,0
Daniel Webster College,0
Dartmouth College,0
Franklin Pierce University,0
New England College,0
Southern New Hampshire University,0
University of New Hampshire-Main Campus,0
Keene State College,0
University of New Hampshire at Manchester,0
Plymouth State University,0
Rivier University,0
Saint Anselm College,0
Granite State College,0
Thomas More College of Liberal Arts,0
Berkeley College-Woodland Park,0
Beth Medrash Govoha,0
Bloomfield College,0
Caldwell College,0
Centenary College,0
Drew University,0
Fairleigh Dickinson University-Metropolitan Campus,0
Felician College,0
Fairleigh Dickinson University-College at Florham,0
Georgian Court University,0
Rowan University,0
New Jersey City University,0
Kean University,0
Monmouth University,0
Montclair State University,0
New Jersey Institute of Technology,0
Princeton University,0
Rabbinical College of America,0
Ramapo College of New Jersey,0
Rider University,0
Rutgers University-Camden,0
Rutgers University-New Brunswick,0
Rutgers University-Newark,0
Saint Peter's University,0
Seton Hall University,0
College of Saint Elizabeth,0
Stevens Institute of Technology,0
The Richard Stockton College of New Jersey,0
Talmudical Academy-New Jersey,0
Thomas Edison State College,0
The College of New Jersey,0
William Paterson University of New Jersey,0
Eastern New Mexico University-Main Campus,0
Institute of American Indian and Alaska Native Culture,0
New Mexico Highlands University,0
New Mexico Institute of Mining and Technology,0
University of New Mexico-Main Campus,0
New Mexico State University-Main Campus,0
Santa Fe University of Art and Design,0
University of the Southwest,0
Western New Mexico University,0
Adelphi University,0
Albany College of Pharmacy and Health Sciences,0
Alfred University,0
Bard College,0
Barnard College,0
Berkeley College-New York,0
Beth Hatalmud Rabbinical College,0
Beth Hamedrash Shaarei Yosher Institute,0
Canisius College,0
Cazenovia College,0
Central Yeshiva Tomchei Tmimim Lubavitz,0
Clarkson University,0
Colgate University,0
Metropolitan College of New York,0
Columbia University in the City of New York,0
Concordia College-New York,0
Cooper Union for the Advancement of Science and Art,0
Cornell University,0
CUNY Bernard M Baruch College,0
CUNY Brooklyn College,0
College of Staten Island CUNY,0
CUNY City College,0
CUNY Graduate School and University Center,0
CUNY Hunter College,0
CUNY John Jay College of Criminal Justice,0
CUNY Lehman College,0
CUNY Queens College,0
CUNY York College,0
D'Youville College,0
Daemen College,0
Yeshiva of Far Rockaway Derech Ayson Rabbinical Seminary,0
Dominican College of Blauvelt,0
Dowling College,0
Elmira College,0
Five Towns College,0
Fordham University,0
Hamilton College,0
Hartwick College,0
Hilbert College,0
Hobart William Smith Colleges,0
Hofstra University,0
Houghton College,0
Iona College,0
Ithaca College,0
Jewish Theological Seminary of America,0
The Juilliard School,0
Kehilath Yakov Rabbinical Seminary,0
Keuka College,0
LIM College,0
Le Moyne College,0
LIU Brooklyn,0
LIU Post,0
LIU Brentwood,0
Machzikei Hadath Rabbinical College,0
Manhattan College,0
Manhattan School of Music,0
Manhattanville College,0
Marist College,0
Marymount Manhattan College,0
Medaille College,0
Mercy College,0
Mesivta Torah Vodaath Rabbinical Seminary,0
Mesivtha Tifereth Jerusalem of America,0
Mirrer Yeshiva Cent Institute,0
Molloy College,0
Mount Saint Mary College,0
College of Mount Saint Vincent,0
Nazareth College,0
The College of New Rochelle,0
The New School,0
New York University,0
Niagara University,0
New York Institute of Technology,0
Nyack College,0
Ohr Hameir Theological Seminary,0
Pace University-New York,0
Paul Smiths College of Arts and Science,0
Polytechnic Institute of New York University,0
Davis College,0
Pratt Institute-Main,0
Rabbinical Academy Mesivta Rabbi Chaim Berlin,0
Rabbinical College Bobover Yeshiva Bnei Zion,0
Rabbinical College Beth Shraga,0
Rabbinical Seminary M'kor Chaim,0
Rabbinical College of Long Island,0
Rabbinical Seminary of America,0
Rensselaer Polytechnic Institute,0
Roberts Wesleyan College,0
Rochester Institute of Technology,0
University of Rochester,0
The Sage Colleges,0
St Bonaventure University,0
St Francis College,0
St Lawrence University,0
The College of Saint Rose,0
St Thomas Aquinas College,0
Sarah Lawrence College,0
Sh'or Yoshuv Rabbinical College,0
Siena College,0
Skidmore College,0
Saint Joseph's College-New York,0
Saint John Fisher College,0
St John's University-New York,0
Farmingdale State College,0
SUNY at Albany,0
SUNY at Binghamton,0
University at Buffalo,0
Stony Brook University,0
SUNY College of Environmental Science and Forestry,0
SUNY Institute of Technology at Utica-Rome,0
SUNY College at Brockport,0
Buffalo State SUNY,0
SUNY College at Cortland,0
SUNY at Fredonia,0
SUNY College at Geneseo,0
State University of New York at New Paltz,0
SUNY Oneonta,0
SUNY College at Oswego,0
SUNY College at Potsdam,0
SUNY at Purchase College,0
SUNY College at Old Westbury,0
SUNY College at Plattsburgh,0
SUNY Downstate Medical Center,0
SUNY Empire State College,0
SUNY Maritime College,0
Upstate Medical University,0
Syracuse University,0
Talmudical Seminary Oholei Torah,0
Talmudical Institute of Upstate New York,0
Torah Temimah Talmudical Seminary,0
Touro College,0
Excelsior College,0
United Talmudical Seminary,0
United States Merchant Marine Academy,0
Utica College,0
Vassar College,0
School of Visual Arts,0
Wagner College,0
Webb Institute,0
Wells College,0
Yeshiva Karlin Stolin,0
Yeshivat Mikdash Melech,0
Yeshiva Derech Chaim,0
Yeshiva of Nitra Rabbinical College,0
Yeshiva Shaar Hatorah,0
Yeshiva University,0
Yeshivath Viznitz,0
Yeshivath Zichron Moshe,0
Appalachian State University,0
Barton College,0
Belmont Abbey College,0
Bennett College,0
Brevard College,0
Campbell University,0
Catawba College,0
Chowan University,0
Davidson College,0
Duke University,0
East Carolina University,0
Elizabeth City State University,0
Elon University,0
Fayetteville State University,0
Gardner-Webb University,0
Greensboro College,0
Guilford College,0
Heritage Bible College,0
High Point University,0
Laurel University,0
Johnson C Smith University,0
Lees-McRae College,0
Lenoir-Rhyne University,0
Livingstone College,0
Mars Hill University,0
Meredith College,0
Methodist University,0
Montreat College,0
Mount Olive College,0
North Carolina A & T State University,0
University of North Carolina at Asheville,0
University of North Carolina at Chapel Hill,0
University of North Carolina at Charlotte,0
University of North Carolina at Greensboro,0
North Carolina Central University,0
University of North Carolina School of the Arts,0
North Carolina State University at Raleigh,0
North Carolina Wesleyan College,0
University of North Carolina Wilmington,0
William Peace University,0
University of North Carolina at Pembroke,0
Pfeiffer University,0
Piedmont International University,0
Queens University of Charlotte,0
Mid-Atlantic Christian University,0
Saint Augustine's University,0
Salem College,0
Shaw University,0
St Andrews University,0
Southeastern Baptist Theological Seminary,0
Wake Forest University,0
Warren Wilson College,0
Wingate University,0
Carolina Christian College,0
Winston-Salem State University,0
Western Carolina University,0
Dickinson State University,0
University of Jamestown,0
University of Mary,0
Mayville State University,0
Sanford College of Nursing,0
Minot State University,0
University of North Dakota,0
North Dakota State University-Main Campus,0
Trinity Bible College,0
Valley City State University,0
University of Akron Main Campus,0
Allegheny Wesleyan College,0
Art Academy of Cincinnati,0
Ashland University,0
Baldwin Wallace University,0
Bluffton University,0
Bowling Green State University-Main Campus,0
Capital University,0
Case Western Reserve University,0
Cedarville University,0
Central State University,0
Cincinnati Christian University,0
University of Cincinnati-Main Campus,0
Ohio Christian University,0
Cleveland Institute of Art,0
Cleveland Institute of Music,0
Cleveland State University,0
Columbus College of Art and Design,0
University of Dayton,0
Defiance College,0
Denison University,0
The University of Findlay,0
Franklin University,0
Gods Bible School and College,0
Heidelberg University,0
Hiram College,0
John Carroll University,0
Kent State University at Kent,0
Kenyon College,0
Lake Erie College,0
Lourdes University,0
Malone University,0
Marietta College,0
Miami University-Hamilton,0
Miami University-Middletown,0
Miami University-Oxford,0
Mount Carmel College of Nursing,0
University of Mount Union,0
Mount Vernon Nazarene University,0
College of Mount St Joseph,0
Muskingum University,0
Notre Dame College,0
Oberlin College,0
Ohio Dominican University,0
Ohio Northern University,0
Ohio State University-Main Campus,0
Ohio University-Main Campus,0
Ohio Wesleyan University,0
Otterbein University,0
Pontifical College Josephinum,0
Rabbinical College Telshe,0
Shawnee State University,0
Franciscan University of Steubenville,0
Ohio Mid-Western College,0
Tiffin University,0
University of Toledo,0
Tri-State Bible College,0
Union Institute & University,0
Urbana University,0
Ursuline College,0
Walsh University,0
Wilberforce University,0
Wilmington College,0
Wittenberg University,0
The College of Wooster,0
Wright State University-Main Campus,0
Xavier University,0
Youngstown State University,0
Bacone College,0
Oklahoma Wesleyan University,0
Southern Nazarene University,0
Cameron University,0
University of Central Oklahoma,0
East Central University,0
Hillsdale Free Will Baptist College,0
Langston University,0
Northeastern State University,0
Northwestern Oklahoma State University,0
Oklahoma Christian University,0
University of Oklahoma-Health Sciences Center,0
Oklahoma Panhandle State University,0
Oklahoma State University-Main Campus,0
Oklahoma Baptist University,0
Oklahoma City University,0
University of Oklahoma-Norman Campus,0
Oral Roberts University,0
Rogers State University,0
Saint Gregory's University,0
University of Science and Arts of Oklahoma,0
Southeastern Oklahoma State University,0
Southwestern Christian University,0
Southwestern Oklahoma State University,0
University of Tulsa,0
The Art Institute of Portland,0
Concordia University-Portland,0
Eastern Oregon University,0
New Hope Christian College-Eugene,0
George Fox University,0
Lewis & Clark College,0
Linfield College-McMinnville Campus,0
Marylhurst University,0
Mount Angel Seminary,0
Multnomah University,0
Northwest Christian University,0
Oregon Health & Science University,0
Oregon Institute of Technology,0
Oregon College of Art and Craft,0
Oregon State University,0
University of Oregon,0
Pacific Northwest College of Art,0
Pacific University,0
Portland State University,0
University of Portland,0
Reed College,0
Southern Oregon University,0
Warner Pacific College,0
Corban University,0
Willamette University,0
Western Oregon University,0
Bryn Athyn College of the New Church,0
Albright College,0
Allegheny College,0
DeSales University,0
Alvernia University,0
The Art Institutes of York-PA,0
The Art Institute of Philadelphia,0
The Art Institute of Pittsburgh,0
Baptist Bible College & Seminary of Pennsylvania,0
Arcadia University,0
Bloomsburg University of Pennsylvania,0
Bryn Mawr College,0
Bucknell University,0
Cabrini College,0
California University of Pennsylvania,0
Carlow University,0
Carnegie Mellon University,0
Cedar Crest College,0
Central Penn College,0
Chatham University,0
Chestnut Hill College,0
Cheyney University of Pennsylvania,0
Clarion University of Pennsylvania,0
Curtis Institute of Music,0
Delaware Valley College,0
Dickinson College,0
Drexel University,0
Duquesne University,0
East Stroudsburg University of Pennsylvania,0
Eastern University,0
Edinboro University of Pennsylvania,0
Elizabethtown College,0
Faith Theological Seminary,0
Franklin and Marshall College,0
Gannon University,0
Geneva College,0
Gettysburg College,0
Gwynedd Mercy University,0
Haverford College,0
Holy Family University,0
Immaculata University,0
Indiana University of Pennsylvania-Main Campus,0
Juniata College,0
Keystone College,0
King's College,0
Kutztown University of Pennsylvania,0
La Roche College,0
La Salle University,0
Lafayette College,0
Lancaster Bible College,0
Lebanon Valley College,0
Lehigh University,0
Lincoln University of Pennsylvania,0
Lock Haven University,0
Lycoming College,0
Mansfield University of Pennsylvania,0
Marywood University,0
Mercyhurst University,0
Messiah College,0
Millersville University of Pennsylvania,0
Misericordia University,0
Moore College of Art and Design,0
Moravian College,0
Muhlenberg College,0
Neumann University,0
Pennsylvania State University-Penn State Erie-Behrend College,0
Pennsylvania State University-Penn State New Kensington,0
Pennsylvania State University-Penn State Shenango,0
Pennsylvania State University-Penn State Wilkes-Barre,0
Pennsylvania State University-Penn State Worthington Scranton,0
Pennsylvania State University-Penn State Lehigh Valley,0
Pennsylvania State University-Penn State Altoona,0
Pennsylvania State University-Penn State Beaver,0
Pennsylvania State University-Penn State Berks,0
Pennsylvania State University-Penn State Harrisburg,0
Pennsylvania State University-Penn State Brandywine,0
Pennsylvania State University-Main Campus,0
Pennsylvania State University-Penn State Greater Allegheny,0
Pennsylvania State University-Penn State Abington,0
Pennsylvania State University-Penn State Schuylkill,0
Pennsylvania State University-Penn State York,0
Peirce College,0
Pennsylvania Academy of the Fine Arts,0
Pennsylvania College of Art and Design,0
University of Pennsylvania,0
Philadelphia University,0
The University of the Arts,0
Cairn University-Langhorne,0
University of the Sciences,0
University of Pittsburgh-Bradford,0
University of Pittsburgh-Greensburg,0
University of Pittsburgh-Johnstown,0
University of Pittsburgh-Pittsburgh Campus,0
Point Park University,0
Robert Morris University,0
Rosemont College,0
Saint Francis University,0
Saint Joseph's University,0
Saint Vincent College,0
University of Scranton,0
Seton Hill University,0
Shippensburg University of Pennsylvania,0
Slippery Rock University of Pennsylvania,0
Saint Charles Borromeo Seminary-Overbrook,0
Susquehanna University,0
Swarthmore College,0
Talmudical Yeshiva of Philadelphia,0
Temple University,0
Thiel College,0
Thomas Jefferson University,0
Ursinus College,0
Valley Forge Christian College,0
Villanova University,0
Washington & Jefferson College,0
Waynesburg University,0
West Chester University of Pennsylvania,0
Westminster College_2,0
Widener University-Main Campus,0
Wilkes University,0
Wilson College,0
York College Pennsylvania,0
Brown University,0
Bryant University,0
Johnson & Wales University-Providence,0
Providence College,0
Rhode Island College,0
University of Rhode Island,0
Rhode Island School of Design,0
Roger Williams University,0
Salve Regina University,0
Northpoint Bible College,0
Allen University,0
Anderson University_2,0
Charleston Southern University,0
Benedict College,0
Bob Jones University,0
Southern Wesleyan University,0
College of Charleston,0
Citadel Military College of South Carolina,0
Claflin University,0
Clemson University,0
Coker College,0
Columbia International University,0
Columbia College_2,0
Converse College,0
Erskine College,0
Francis Marion University,0
Furman University,0
Lander University,0
Limestone College,0
Medical University of South Carolina,0
Morris College,0
Newberry College,0
North Greenville University,0
Presbyterian College,0
University of South Carolina-Aiken,0
University of South Carolina-Beaufort,0
University of South Carolina-Columbia,0
Coastal Carolina University,0
South Carolina State University,0
University of South Carolina-Upstate,0
Voorhees College,0
Winthrop University,0
Wofford College,0
Augustana College_2,0
Black Hills State University,0
Dakota State University,0
Dakota Wesleyan University,0
Mount Marty College,0
National American University-Rapid City,0
Northern State University,0
Presentation College,0
South Dakota School of Mines and Technology,0
South Dakota State University,0
University of Sioux Falls,0
University of South Dakota,0
American Baptist College,0
Austin Peay State University,0
Baptist Memorial College of Health Sciences,0
Belmont University,0
Bethel University_2,0
Bryan College-Dayton,0
Carson-Newman University,0
Christian Brothers University,0
Cumberland University,0
Lipscomb University,0
East Tennessee State University,0
Fisk University,0
Welch College,0
Freed-Hardeman University,0
Johnson University,0
King University,0
South College,0
Lane College,0
Le Moyne-Owen College,0
Lee University,0
Lincoln Memorial University,0
Martin Methodist College,0
Maryville College,0
Memphis College of Art,0
University of Memphis,0
Victory University,0
Middle Tennessee State University,0
Milligan College,0
O'More College of Design,0
Rhodes College,0
Sewanee-The University of the South,0
Southern Adventist University,0
Tennessee Wesleyan College,0
The University of Tennessee-Chattanooga,0
The University of Tennessee-Knoxville,0
The University of Tennessee-Martin,0
Tennessee State University,0
Tennessee Technological University,0
Tennessee Temple University,0
Trevecca Nazarene University,0
Tusculum College,0
Union University,0
Vanderbilt University,0
Abilene Christian University,0
Angelo State University,0
Arlington Baptist College,0
The Art Institute of Houston,0
Austin College,0
Baptist Missionary Association Theological Seminary,0
Texas A & M University Health Science Center,0
Baylor University,0
Concordia University-Texas,0
Texas A & M University-Corpus Christi,0
Dallas Baptist University,0
Dallas Christian College,0
University of Dallas,0
East Texas Baptist University,0
Texas A & M University-Texarkana,0
Texas A & M University-Commerce,0
South University-The Art Institute of Dallas,0
Hardin-Simmons University,0
Houston Baptist University,0
University of Houston-Clear Lake,0
University of Houston-Downtown,0
University of Houston-Victoria,0
University of Houston,0
Howard Payne University,0
Huston-Tillotson University,0
University of the Incarnate Word,0
Jarvis Christian College,0
Lamar University,0
Texas A & M International University,0
LeTourneau University,0
Lubbock Christian University,0
University of Mary Hardin-Baylor,0
McMurry University,0
Midwestern State University,0
University of North Texas,0
Northwood University-Texas,0
Our Lady of the Lake University,0
The University of Texas-Pan American,0
The University of Texas at Brownsville,0
Paul Quinn College,0
Prairie View A & M University,0
Rice University,0
Saint Edward's University,0
University of St Thomas_2,0
Sam Houston State University,0
Schreiner University,0
St Mary's University,0
Southern Methodist University,0
Southwestern Assemblies of God University,0
Southwestern University,0
Stephen F Austin State University,0
Texas State University,0
Southwestern Adventist University,0
Sul Ross State University,0
Tarleton State University,0
University of Texas Southwestern Medical Center,0
The University of Texas Health Science Center at San Antonio,0
The University of Texas Medical Branch,0
Texas A & M University-Kingsville,0
Texas A & M University-College Station,0
The University of Texas at Arlington,0
The University of Texas at Austin,0
The University of Texas at Dallas,0
The University of Texas at El Paso,0
The University of Texas at Tyler,0
Texas Christian University,0
Texas College,0
Texas Lutheran University,0
The University of Texas of the Permian Basin,0
The University of Texas at San Antonio,0
Texas Southern University,0
Texas Tech University,0
Texas Wesleyan University,0
Texas Woman's University,0
Trinity University,0
The University of Texas Health Science Center at Houston,0
Texas Tech University Health Sciences Center,0
Wayland Baptist University,0
West Texas A & M University,0
Wiley College,0
Brigham Young University-Provo,0
Brigham Young University-Hawaii,0
Southern Utah University,0
Utah State University,0
Utah Valley University,0
University of Utah,0
Weber State University,0
Westminster College_3,0
Bennington College,0
Burlington College,0
Castleton State College,0
Champlain College,0
Goddard College,0
Green Mountain College,0
Johnson State College,0
Lyndon State College,0
Marlboro College,0
Middlebury College,0
Norwich University,0
Saint Michael's College,0
College of St Joseph,0
Southern Vermont College,0
Sterling College_2,0
University of Vermont,0
Averett University,0
Bluefield College,0
Bridgewater College,0
College of William and Mary,0
Regent University,0
Christopher Newport University,0
Jefferson College of Health Sciences,0
Emory & Henry College,0
Eastern Mennonite University,0
Ferrum College,0
George Mason University,0
Hampden-Sydney College,0
Hampton University,0
Hollins University,0
James Madison University,0
Liberty University,0
Longwood University,0
Lynchburg College,0
Mary Baldwin College,0
University of Mary Washington,0
Marymount University,0
Sentara College of Health Sciences,0
Norfolk State University,0
Old Dominion University,0
Radford University,0
Randolph-Macon College,0
Randolph College,0
Bon Secours Memorial College of Nursing,0
University of Richmond,0
Roanoke College,0
Shenandoah University,0
Southern Virginia University,0
Strayer University-Virginia,0
Sweet Briar College,0
The University of Virginia's College at Wise,0
Virginia Intermont College,0
Virginia Polytechnic Institute and State University,0
Virginia Commonwealth University,0
University of Virginia-Main Campus,0
Virginia Military Institute,0
Virginia State University,0
Virginia Union University,0
Virginia Wesleyan College,0
Washington and Lee University,0
The Art Institute of Seattle,0
Central Washington University,0
City University of Seattle,0
Cornish College of the Arts,0
Eastern Washington University,0
The Evergreen State College,0
Gonzaga University,0
Heritage University,0
Bastyr University,0
Trinity Lutheran College,0
Northwest University,0
Pacific Lutheran University,0
University of Puget Sound,0
Saint Martin's University,0
Seattle Pacific University,0
Seattle University,0
Walla Walla University,0
Washington State University,0
University of Washington-Seattle Campus,0
Western Washington University,0
Whitman College,0
Whitworth University,0
Alderson Broaddus University,0
Appalachian Bible College,0
Bethany College_2,0
Bluefield State College,0
University of Charleston,0
Concord University,0
Davis & Elkins College,0
Fairmont State University,0
Glenville State College,0
Marshall University,0
Ohio Valley University,0
Salem International University,0
Shepherd University,0
West Virginia State University,0
West Liberty University,0
West Virginia University Institute of Technology,0
West Virginia Wesleyan College,0
West Virginia University,0
Wheeling Jesuit University,0
Alverno College,0
Bellin College,0
Beloit College,0
Cardinal Stritch University,0
Carroll University,0
Carthage College,0
Columbia College of Nursing,0
Concordia University-Wisconsin,0
Edgewood College,0
Lakeland College,0
Lawrence University,0
Maranatha Baptist University,0
Marian University_2,0
Marquette University,0
Milwaukee Institute of Art & Design,0
Milwaukee School of Engineering,0
Mount Mary University,0
Northland International University,0
Northland College,0
Ripon College,0
Saint Norbert College,0
Silver Lake College of the Holy Family,0
Viterbo University,0
University of Wisconsin-Whitewater,0
University of Wisconsin-Eau Claire,0
University of Wisconsin-Green Bay,0
University of Wisconsin-La Crosse,0
Wisconsin Lutheran College,0
University of Wisconsin-Oshkosh,0
University of Wisconsin-Parkside,0
University of Wisconsin-Stout,0
University of Wisconsin-Superior,0
University of Wisconsin-Madison,0
University of Wisconsin-Milwaukee,0
University of Wisconsin-Platteville,0
University of Wisconsin-River Falls,0
University of Wisconsin-Stevens Point,0
University of Wyoming,0
University of Guam,0
American University of Puerto Rico,0
Universidad Adventista de las Antillas,0
Atlantic University College,0
Bayamon Central University,0
Carlos Albizu University-San Juan,0
Caribbean University-Bayamon,0
Caribbean University-Carolina,0
Pontifical Catholic University of Puerto Rico-Arecibo,0
Pontifical Catholic University of Puerto Rico-Ponce,0
Universidad Teologica del Caribe,0
Universidad Metropolitana,0
Puerto Rico Conservatory of Music,0
Escuela de Artes Plasticas de Puerto Rico,0
Inter American University of Puerto Rico-San German,0
Inter American University of Puerto Rico-Aguadilla,0
Inter American University of Puerto Rico-Arecibo,0
Inter American University of Puerto Rico-Barranquitas,0
Inter American University of Puerto Rico-Metro,0
Inter American University of Puerto Rico-Ponce,0
Inter American University of Puerto Rico-Fajardo,0
Inter American University of Puerto Rico-Guayama,0
Inter American University of Puerto Rico-Bayamon,0
University of Puerto Rico-Aguadilla,0
University of Puerto Rico-Arecibo,0
University of Puerto Rico-Bayamon,0
University of Puerto Rico-Carolina,0
University of Puerto Rico-Cayey,0
University of Puerto Rico-Humacao,0
University of Puerto Rico-Mayaguez,0
University of Puerto Rico-Medical Sciences,0
University of Puerto Rico-Ponce,0
University of Puerto Rico-Rio Piedras,0
Universidad Del Este,0
Universidad del Sagrado Corazon,0
Universidad Politecnica de Puerto Rico,0
Pontifical Catholic University of Puerto Rico-Mayaguez,0
Universidad Del Turabo,0
University of the Virgin Islands,0
Stanford University,0
Purdue University-Main Campus,0
Parker University,0
Widener University-Delaware Campus,0
St John's College_2,0
Yeshiva and Kollel Harbotzas Torah,0
Bais Medrash Elyon,0
Antioch University-Los Angeles,0
Antioch University-Santa Barbara,0
Antioch University-Seattle,0
Antioch University-Midwest,0
Mid-America Christian University,0
Yeshiva Gedolah of Greater Detroit,0
Austin Graduate School of Theology,0
South University-Columbia,0
Platt College-Aurora,0
Kaplan University-Davenport Campus,0
Christian Life College,0
Brandman University,0
New College of Florida,0
Caribbean University-Ponce,0
Caribbean University-Vega Baja,0
University of Advancing Technology,0
South Florida Bible College and Theological Seminary,0
California State University-San Marcos,0
Argosy University-Hawaii,0
McNally Smith College of Music,0
Hodges University,0
Argosy University-Atlanta,0
University of Phoenix-Online Campus,0
University of Phoenix-San Diego Campus,0
New England School of Communications,0
Yeshiva Gedolah Imrei Yosef D'spinka,0
Northwest College of Art & Design,0
University of Washington-Bothell Campus,0
University of Washington-Tacoma Campus,0
University of Phoenix-Utah Campus,0
Westwood College-Denver South,0
University of Phoenix-Puerto Rico Campus,0
Midwest College of Oriental Medicine-Racine,0
Beacon College,0
University of the Potomac-Washington DC Campus,0
Rabbi Jacob Joseph School,0
Everglades University,0
College of Biblical Studies-Houston,0
Watkins College of Art Design & Film,0
Mt Sierra College,0
Soka University of America,0
Colorado Technical University-Sioux Falls,0
Southwest University of Visual Arts-Albuquerque,0
Schiller International University,0
Yeshivas Novominsk,0
Rabbinical College of Ohr Shimon Yisroel,0
University of Phoenix-Southern Arizona Campus,0
University of Phoenix-Colorado Campus,0
University of Phoenix-Albuquerque Campus,0
University of Phoenix-Bay Area Campus,0
University of Phoenix-Southern California Campus,0
Westwood College-Dupage,0
Arizona State University-West,0
California State University-Monterey Bay,0
The Art Institute of California-Argosy University Hollywood,0
Capella University,0
Baker College Center for Graduate Studies,0
Johnson & Wales University-North Miami,0
Trine University-Regional/Non-Traditional Campuses,0
The University of Texas MD Anderson Cancer Center,0
University of Phoenix-Las Vegas Campus,0
Messenger College,0
Argosy University-Washington DC,0
University of Phoenix-Sacramento Valley Campus,0
University of Phoenix-Hawaii Campus,0
Yeshiva D'monsey Rabbinical College,0
Arizona State University-Polytechnic,0
Argosy University-Schaumburg,0
University of Phoenix-Louisiana Campus,0
University of Phoenix-Detroit Campus,0
Embry-Riddle Aeronautical University-Worldwide,0
Ottawa University-Milwaukee,0
Argosy University-Tampa,0
The Illinois Institute of Art-Schaumburg,0
The Art Institute of Phoenix,0
Colorado Technical University-Greenwood Village,0
Strayer University-Maryland,0
San Juan Bautista School of Medicine,0
Texas Health and Science University,0
New Hampshire Institute of Art,0
Yeshiva of the Telshe Alumni,0
University of Phoenix-Western Washington Campus,0
University of Phoenix-Central Florida Campus,0
University of Phoenix-Oregon Campus,0
The Art Institute of California-Argosy University Los Angeles,0
American University of Health Sciences,0
Western Governors University,0
Florida Gulf Coast University,0
National Labor College,0
Michigan Jewish Institute,0
Yeshiva College of the Nations Capital,0
University of Phoenix-South Florida Campus,0
University of Phoenix-North Florida Campus,0
University of Phoenix-West Florida Campus,0
University of Phoenix-Maryland Campus,0
University of Phoenix-Oklahoma City Campus,0
University of Phoenix-Tulsa Campus,0
Louisiana State University Health Sciences Center-Shreveport,0
Argosy University-Phoenix,0
Argosy University-Orange County,0
International Baptist College and Seminary,0
University of Connecticut-Tri-Campus,0
University of Connecticut-Avery Point,0
University of Connecticut-Stamford,0
University of Management and Technology,0
Linfield College-School of Nursing,0
Westwood College-Anaheim,0
University of Phoenix-Southern Colorado Campus,0
University of Phoenix-West Michigan Campus,0
American InterContinental University-Atlanta,0
American InterContinental University-South Florida,0
University of Phoenix-Philadelphia Campus,0
University of Phoenix-Pittsburgh Campus,0
Midwest College of Oriental Medicine-Chicago,0
Argosy University-Seattle,0
University of Phoenix-St Louis Campus,0
University of Phoenix-Cleveland Campus,0
Atlantic Institute of Oriental Medicine,0
Crossroads Bible College,0
King's University,0
Pacific Islands University,0
Westwood College-River Oaks,0
The Art Institute of Washington,0
Marlboro College-Graduate School,0
University of Phoenix-Boston Campus,0
University of Phoenix-Dallas Campus,0
University of Phoenix-Houston Campus,0
University of Phoenix-Milwaukee Campus,0
University of Phoenix-Idaho Campus,0
Westwood College-Inland Empire,0
National American University-Ellsworth AFB Extension,0
Pillar College,0
Oregon State University-Cascades Campus,0
International Academy of Design and Technology-Orlando,0
San Diego State University-Imperial Valley Campus,0
National Graduate School of Quality Management,0
Apex School of Theology,0
Yeshiva Shaarei Torah of Rockland,0
Universidad Pentecostal Mizpa,0
Nevada State College,0
California State University-Channel Islands,0
The Art Institute of California-Argosy University Orange County,0
Franklin W Olin College of Engineering,0
University of Phoenix-Kansas City Campus,0
University of Phoenix-Atlanta Campus,0
University of Phoenix-Chicago Campus,0
University of Phoenix-Nashville Campus,0
University of Phoenix-Northern Virginia Campus,0
Argosy University-Dallas,0
Grantham University,0
University of the Potomac-VA Campus,0
Ottawa University-Jeffersonville,0
Birthingway College of Midwifery,0
Faith Evangelical College & Seminary,0
Family of Faith College,0
West Coast University-Los Angeles,0
Williamson Christian College,0
DigiPen Institute of Technology,0
University of Phoenix-Charlotte Campus,0
University of Phoenix-Indianapolis Campus,0
Westwood College-Chicago Loop,0
Strayer University-Tennessee,0
Strayer University-Pennsylvania,0
University of Phoenix-Columbus Georgia Campus,0
University of Phoenix-Memphis Campus,0
University of Phoenix-Little Rock Campus,0
National University College-Rio Grande,0
Northcentral University,0
Colorado Technical University-Online,0
Baptist University of the Americas,0
Beis Medrash Heichal Dovid,0
Jones International University,0
New Life Theological Seminary,0
The Art Institute of Tucson,0
Flagler College-Tallahassee,0
American InterContinental University-Online,0
Westwood College-Atlanta Midtown,0
International Academy of Design and Technology-Troy,0
American InterContinental University-Houston,0
University of California-Merced,0
Central Methodist University-College of Graduate and Extended Studies,0
University of Phoenix-Jersey City Campus,0
University of Phoenix-Minneapolis St Paul Campus,0
University of Phoenix-Louisville Campus,0
Neumont University,0
University of Phoenix-Central Valley Campus,0
Roseman University of Health Sciences,0
Ave Maria University,0
Ecclesia College,0
Maple Springs Baptist Bible College and Seminary,0
Uta Mesivta of Kiryas Joel,0
Harrisburg University of Science and Technology,0
University of Phoenix-San Antonio Campus,0
University of Phoenix-Austin Campus,0
University of Phoenix-Richmond-Virginia Beach Campus,0
University of Phoenix-Raleigh Campus,0
International Academy of Design and Technology-Henderson,0
International Academy of Design and Technology-Seattle,0
United States University,0
Westwood College-Arlington Ballston,0
Argosy University-Los Angeles,0
Expression College for Digital Arts,0
University of Phoenix-Savannah Campus,0
University of Phoenix-Northern Nevada Campus,0
Georgia Gwinnett College,0
SUM Bible College and Theological Seminary,0
Careers Unlimited,0
Doane College-Lincoln Grand Island and Master,0
The Art Institute of Indianapolis,0
University of Phoenix-Omaha Campus,0
University of Phoenix-Northwest Arkansas Campus,0
University of Phoenix-Columbia Campus,0
Westwood College-Annandale,0
Argosy University-Denver,0
The Robert B Miller College,0
University of Phoenix-Fairfield County Campus,0
University of Phoenix-Harrisburg Campus,0
University of South Florida-St Petersburg,0
Arizona State University-Downtown Phoenix,0
The Art Institute of Tennessee-Nashville,0
Strayer University-Florida,0
American Public University System,0
Bais Medrash Toras Chesed,0
Visible Music College,0
University of the West,0
South University-Tampa,0
Averett University-Non-Traditional Programs,0
The Art Institute of Salt Lake City,0
The Art Institute of Charleston,0
The Art Institute of California-Argosy University Sacramento,0
Strayer University-Delaware,0
Strayer University-Alabama,0
International Academy of Design and Technology-Sacramento,0
University of Phoenix-Birmingham Campus,0
International Academy of Design and Technology-San Antonio,0
University of Phoenix-Augusta Campus,0
University of Phoenix-Washington DC Campus,0
University of Phoenix-Chattanooga Campus,0
Argosy University-Inland Empire,0
Argosy University-Nashville,0
Argosy University-San Diego,0
LIU Riverhead,0
Columbia Southern University,0
Trident University International,0
Digital Media Arts College,0
Yeshivas Be'er Yitzchok,0
Yeshiva Toras Chaim,0
Talmudical Seminary of Bobov,0
University of South Florida-Sarasota-Manatee,0
The Art Institute of Austin,0
The Art Institutes International Kansas City,0
Argosy University-Salt Lake City,0
Strayer University-Kentucky,0
Strayer University-North Carolina,0
Strayer University-New Jersey,0
The King??s College,0
Chamberlain College of Nursing-Illinois,0
Chamberlain College of Nursing-Arizona,0
Ottawa University-Online,0
Taft University System,0
Aspen University,0
Denver School of Nursing,0
Yeshiva of Machzikai Hadas,0
Providence Christian College,0
The Art Institute of Washington-Dulles,0
Argosy University-Phoenix Online Division,0
Polytechnic University of Puerto Rico-Miami,0
Polytechnic University of Puerto Rico-Orlando,0
Strayer University-Utah,0
Strayer University-Ohio,0
University of Minnesota-Rochester,0
Chamberlain College of Nursing-Florida,0
Remington College of Nursing Orlando,0
Horizon University,0
New Hope Christian College-Honolulu,0
City Vision College,0
Bethel College,0
West Coast University-Orange County,0
West Coast University-Ontario,0
National University College-Ponce,0
Strayer University-Arkansas,0
Strayer University-Georgia,0
Strayer University-Louisiana,0
Strayer University-Mississippi,0
Strayer University-South Carolina,0
Strayer University-Texas,0
South University??Richmond,0
South University??Virginia Beach,0
Touro University Worldwide,0
Touro University Nevada,0
Strayer University-Global Region,0
California University of Management and Sciences,0
Johnson & Wales University-Online,0
American Sentinel University,0
Remington College-Heathrow Campus,0
Chamberlain College of Nursing-Virginia,0
Georgia Christian University,0
North American University,0
Millennia Atlantic University,0
John Paul the Great Catholic University,0
University of Phoenix-Jackson Campus,0
National American University-Tulsa,0
Chamberlain College of Nursing-Missouri,0
Chamberlain College of Nursing-Texas,0
South University-The Art Institute of Fort Worth,0
South University-Novi,0
The Art Institute of Wisconsin,0
University of Phoenix-Baton Rouge Campus,0
University of Phoenix-Lafayette Campus,0
University of Phoenix-Shreveport-Bossier Campus,0
Whitworth University-Adult Degree Programs,0
Springfield College-School of Human Services,0
Criswell College,0
Academy of Couture Art,0
Strayer University-Wisconsin,0
Strayer University-Indiana,0
Bais HaMedrash and Mesivta of Baltimore,0
Yeshiva Gedolah Zichron Leyma,0
Be'er Yaakov Talmudic Seminary,0
Colorado State University-Global Campus,0
Strayer University-Minnesota,0
National American University-Mesquite,0
Pennsylvania State University-World Campus,0
South University-Austin,0
Elizabethtown College School of Continuing and Professional Studies,0
Warner Pacific College Adult Degree Program,0
Florida Institute of Technology-Online,0
California Miramar University,0
Midwives College of Utah,0
Grace Mission University,0
Mid-South Christian College,0
Yeshiva Gedolah Kesser Torah,0
Yeshiva Yesodei Hatorah,0
Georgia Regents University,0
Middle Georgia State College,0
Virginia Baptist College,0
DeVry College of New York,0
DeVry University-Arizona,0
DeVry University-California,0
DeVry University-Colorado,0
DeVry University-Florida,0
DeVry University-Georgia,0
DeVry University-Illinois,0
DeVry University-Indiana,0
DeVry University-Kentucky,0
DeVry University-Maryland,0
DeVry University-Michigan,0
DeVry University-Minnesota,0
DeVry University-Missouri,0
DeVry University-Nevada,0
DeVry University-New Jersey,0
DeVry University-North Carolina,0
DeVry University-Ohio,0
DeVry University-Oklahoma,0
DeVry University-Oregon,0
DeVry University-Pennsylvania,0
DeVry University-Tennessee,0
DeVry University-Texas,0
DeVry University-Utah,0
DeVry University-Virginia,0
DeVry University-Washington,0
DeVry University-Wisconsin,0
University of North Georgia,0
Arizona State University-Skysong,0
